{
 "mdsDat": {
 "x": [ 0.2883478, -0.294069, 0.005721246 ],
"y": [ -0.151265, -0.1426047, 0.2938696 ],
"topics": [ 1, 2, 3 ],
"Freq": [ 34.35938, 33.17509, 32.46553 ],
"cluster": [        1,        1,        1 ] 
},
"tinfo": {
 "Term": [ "해당", "의사소통능력", "교육", "분야", "기획", "년이상", "능력", "영어능력", "경력", "문제", "경험", "운영", "해결", "전반", "데이터", "이상", "개발", "조직", "문서작성", "학사", "조직문화", "협업", "이해", "오피스", "프로그램", "기업", "강의", "책임감", "분석", "hr", "의사소통능력", "교육", "기획", "운영", "해결", "강의", "온라인", "고객", "설계", "설득", "강사", "콘텐츠기획", "시스템", "애자일조직", "조직", "개발", "개선", "교육사업", "사례", "요구", "조직진단", "중심", "프로젝트", "프로그램", "디지털", "체계", "노무", "활성화", "분석", "핵심", "해당", "분야", "경험", "전반", "이해", "교육학", "인사", "역량", "변화", "성과", "적응력", "제도", "콘텐츠제작", "도전", "성실", "실행", "학습능력", "마인드", "전략", "코칭", "플레이어", "고객지향", "근면", "인재", "자격", "통찰", "긍정적", "영어", "업무", "의사소통", "영어능력", "데이터", "이상", "문서작성", "학사", "협업", "기업", "책임감", "교육공학", "공감", "관리", "기획력", "능동적", "린조직", "멀티", "추진력", "지향", "hrd경력", "전공", "비즈니스", "문제", "긍정", "사업", "석사", "적응", "학습과성장", "오피스", "교육콘텐츠", "심리", "트렌드", "능력", "심리학", "경력", "주도", "스타트", "리더십", "조직문화", "산업", "it", "적극", "년이상", "경영학", "년이상", "가치", "hr", "hrd", "컨설팅", "hr", "프로젝트리딩", "활용", "능력", "조직문화", "문화", "열정", "프로젝트리딩", "활용", "글쓰기", "경력", "문화", "열정" ],
"logprob": [       30,       29,       28,       27,       26,       25,       24,       23,       22,       21,       20,       19,       18,       17,       16,       15,       14,       13,       12,       11,       10,        9,        8,        7,        6,        5,        4,        3,        2,        1,  -2.1526,  -2.1824,  -2.5724,  -3.1124,  -3.1649,  -3.7778,  -4.3716,   -4.466,   -4.466,   -4.466,  -4.8185,  -4.8185,  -4.9703,  -4.9703,  -3.2493,  -3.2204,  -5.1493,  -5.1493,  -5.1493,  -5.1493,  -5.1493,  -5.1493,  -5.1493,   -3.479,  -5.3676,  -5.3676,  -4.3716,  -4.5703,  -3.5166,  -4.5703,  -1.5683,  -2.3584,  -3.1027,  -3.1871,  -3.4544,  -4.0017,  -4.2231,  -4.3094,  -4.4038,  -4.4038,  -4.5081,  -4.5081,  -4.5081,  -4.7563,  -4.7563,  -4.7563,  -4.7563,  -4.9081,  -4.9081,  -5.0871,  -5.0871,  -5.3054,  -5.3054,  -5.3054,  -5.3054,  -5.3054,  -4.0017,  -4.1437,  -4.6245,  -4.6245,  -2.9756,  -3.3163,  -3.3163,  -3.3929,  -3.3929,  -3.4336,  -3.6151,  -3.9011,  -3.9696,  -4.0432,  -4.1226,  -4.1226,  -4.1226,  -4.2089,  -4.4075,  -4.4075,  -4.5239,  -4.6557,  -4.6557,  -4.8075,  -3.0295,  -4.9866,  -4.9866,  -4.9866,  -4.9866,  -4.9866,  -3.3929,  -5.2048,  -5.2048,  -5.2048,  -2.4206,  -4.0432,  -2.7255,  -4.1226,  -4.3033,  -3.8204,  -2.9697,  -4.0432,  -4.7563,  -4.3033,  -2.3659,  -4.4038,  -2.5102,  -4.2089,  -3.5963,  -4.6557,  -4.3033,  -3.7156,  -4.3094,  -4.3094,    -3.28,  -3.6151,  -4.5081,  -4.6867,  -4.8185,  -4.8185,  -4.9703,  -4.1226,  -4.9703,  -4.5239 ],
"loglift": [       30,       29,       28,       27,       26,       25,       24,       23,       22,       21,       20,       19,       18,       17,       16,       15,       14,       13,       12,       11,       10,        9,        8,        7,        6,        5,        4,        3,        2,        1,   1.0662,   1.0661,   1.0651,   1.0628,   1.0625,   1.0577,   1.0492,   1.0473,   1.0473,   1.0473,   1.0386,   1.0386,   1.0338,   1.0338,   1.0325,   1.0312,   1.0272,   1.0272,   1.0272,   1.0272,   1.0272,   1.0272,   1.0272,   1.0235,   1.0174,   1.0174,   0.9623,   0.9404,    0.801,   0.7592,   1.1022,   1.1007,   1.0978,   1.0974,   1.0955,   1.0899,   1.0865,    1.085,   1.0832,   1.0832,    1.081,    1.081,    1.081,   1.0748,   1.0748,   1.0748,   1.0748,   1.0702,   1.0702,   1.0639,   1.0639,   1.0545,   1.0545,   1.0545,   1.0545,   1.0545,   1.0215,   1.0096,   0.9675,   0.9558,   1.1202,   1.1183,   1.1183,   1.1178,   1.1178,   1.1175,    1.116,    1.113,   1.1121,   1.1112,     1.11,     1.11,     1.11,   1.1087,   1.1052,   1.1052,   1.1027,   1.0996,   1.0996,   1.0955,   1.0955,   1.0899,   1.0899,   1.0899,   1.0899,   1.0899,   1.0819,   1.0815,   1.0815,   1.0815,   0.7308,   1.0457,   0.8852,   1.0394,   1.0232,   0.8846,   0.6643,   0.9262,   0.9498,   0.9418,   0.4906,   0.8338,   0.3463,    0.889,   0.4469,   0.9832,   0.8071,   0.3276,   0.6134,   0.6134,  -0.1286,   0.0189,    0.594,   0.3147,   0.1043,   0.1043,   0.5006,  -0.5119,   0.1318,   0.4775 ],
"Freq": [      166,       96,       93,       75,       63,      138,      103,       40,       65,       38,       36,       37,       35,       33,       28,       28,       34,       33,       26,       26,       63,       25,       25,       27,       26,       21,       19,       16,       32,       42, 96.20508, 93.37829, 63.22586, 36.84249, 34.95797, 18.93949, 10.45912, 9.516859, 9.516859, 9.516859, 6.690069, 6.690069, 5.747806, 5.747806, 32.13118, 33.07344, 4.805543, 4.805543, 4.805543, 4.805543, 4.805543, 4.805543, 4.805543, 25.53533, 3.863279, 3.863279, 10.45912, 8.574596, 24.59307, 8.574596, 166.6231, 75.61455, 35.91933,  33.0148, 25.26939, 14.61946, 11.71493, 10.74675, 9.778578, 9.778578, 8.810402, 8.810402, 8.810402,  6.87405,  6.87405,  6.87405,  6.87405, 5.905874, 5.905874, 4.937698, 4.937698, 3.969522, 3.969522, 3.969522, 3.969522, 3.969522, 14.61946, 12.68311, 7.842226, 7.842226, 39.91721, 28.39256, 28.39256, 26.29717, 26.29717, 25.24947, 21.05869, 15.82021, 14.77251, 13.72482, 12.67712, 12.67712, 12.67712, 11.62942, 9.534033, 9.534033, 8.486337, 7.438641, 7.438641, 6.390945, 37.82182, 5.343249, 5.343249, 5.343249, 5.343249, 5.343249, 26.29717, 4.295553, 4.295553, 4.295553, 73.59076, 13.72482, 52.37832, 12.67712, 10.58173, 17.52399, 42.49607, 13.72482,  6.87405, 10.58173, 73.44348, 9.778578, 64.96461, 11.62942, 22.70854, 7.438641, 10.58173, 19.46034, 10.74675, 10.74675, 29.44025, 21.05869, 8.810402, 7.632332, 6.690069, 6.690069, 5.747806, 12.67712, 5.747806, 8.486337 ],
"Total": [      166,       96,       93,       75,       63,      138,      103,       40,       65,       38,       36,       37,       35,       33,       28,       28,       34,       33,       26,       26,       63,       25,       25,       27,       26,       21,       19,       16,       32,       42, 96.40666, 93.57987, 63.42745, 37.04408, 35.15955, 19.14108, 10.66071, 9.718446, 9.718446, 9.718446, 6.891656, 6.891656, 5.949393, 5.949393, 33.30094, 34.32272,  5.00713,  5.00713,  5.00713,  5.00713,  5.00713,  5.00713,  5.00713,  26.7051, 4.064866, 4.064866, 11.62889, 9.744359, 32.12853, 11.68071, 166.8221, 75.81354, 36.11833,  33.2138, 25.46839, 14.81845, 11.91393, 10.94575, 9.977574, 9.977574, 9.009398, 9.009398, 9.009398, 7.073046, 7.073046, 7.073046, 7.073046,  6.10487,  6.10487, 5.136694, 5.136694, 4.168518, 4.168518, 4.168518, 4.168518, 4.168518, 15.86615,  13.9298, 8.983485, 9.088918, 40.10826,  28.5836,  28.5836, 26.48821, 26.48821, 25.44052, 21.24973, 16.01125, 14.96356, 13.91586, 12.86816, 12.86816, 12.86816, 11.82047, 9.725077, 9.725077, 8.677381, 7.629685, 7.629685, 6.581989, 38.95513, 5.534293, 5.534293, 5.534293, 5.534293, 5.534293, 27.45639, 4.486597, 4.486597, 4.486597, 103.1278, 14.85812, 65.14967, 13.81043, 11.71504, 21.80833, 63.65158, 16.74265, 8.015309, 12.70912, 138.5023, 12.80436, 138.5023,   14.725, 42.27365, 8.571948, 14.54183, 42.27365, 17.54159, 17.54159, 103.1278, 63.65158, 14.66298, 16.21549, 17.54159, 17.54159, 10.14018, 65.14967, 14.66298, 16.21549 ],